<?xml version="1.0" encoding="utf-8"?>
<modification>
	<name>WhatsApp</name>
	<code>whatsapp</code>
	<version>2.3</version>
	<author>https://ocmod.net</author>
	<link>https://ocmod.net</link>
	
	<file path="catalog/view/theme/*/template/common/header.twig">
		<operation error="skip">
			<search><![CDATA[</head>]]></search>
			<add position="before"><![CDATA[
				<style type="text/css">
				.whatsapp .wpp-num {font-weight: bold; text-shadow: none; background-color: #1ebea5; border-radius: 2px; color: #ffffff; text-align: center; padding: 4px 10px;}
				.whatsapp .wpp-num .fa-whatsapp { background: #01E675; border-radius: 10px; }
				</style>
			]]></add>
		</operation>
	</file>
	
	<file path="catalog/view/theme/*/template/common/header.twig">
		<operation>
			<search><![CDATA[
			<div id="top-links" class="nav pull-right">
			]]></search>
			<add position="before"><![CDATA[
				{% if (config_whatsapp_tell) %} 
					<div class="whatsapp pull-left">
						<a class="btn btn-link" href="#" onclick="window.open('https://api.whatsapp.com/send?phone={{ config_whatsapp_tell }}','WhatsApp','width=600,height=400,left=100px,top=100px'); return false"><span class="wpp-num hidden-xs"><i class="fa fa-whatsapp"></i> {{ config_whatsapp_name }}</span></a>
					</div>
				{% endif %}
			]]></add>
		</operation>
	</file>
	
	<file path="catalog/controller/common/header.php">
		<operation error="skip">
			<search><![CDATA[
				$data['home'] = $this->url->link('common/home');
			]]></search>
			<add position="after"><![CDATA[
				$data['config_whatsapp_name'] = $this->config->get('config_whatsapp_name');
				$data['config_whatsapp_tell'] = $this->config->get('config_whatsapp_tell');
			]]></add>
		</operation>
	</file>
	
	<file path="admin/controller/setting/setting.php">
		<operation error="skip">
			<search><![CDATA[
				$this->load->model('tool/image');
			]]></search>
			<add position="before"><![CDATA[
				if (isset($this->request->post['config_whatsapp_name'])) {
					$data['config_whatsapp_name'] = $this->request->post['config_whatsapp_name'];
				} else {
					$data['config_whatsapp_name'] = $this->config->get('config_whatsapp_name');
				}
				if (isset($this->request->post['config_whatsapp_tell'])) {
					$data['config_whatsapp_tell'] = $this->request->post['config_whatsapp_tell'];
				} else {
					$data['config_whatsapp_tell'] = $this->config->get('config_whatsapp_tell');
				}
			]]></add>
		</operation>
	</file>
	
	<file path="admin/language/en-gb/setting/setting.php">
		<operation error="skip">
			<search><![CDATA[
				$_['entry_name']
			]]></search>
			<add position="before"><![CDATA[
				$_['entry_whastapp']                     	= 'Number WhatsApp';
				$_['entry_whastapp_name']                	= 'Button text';
				$_['help_whastapp']            				= 'Enter the phone number in the international format without the +';
				$_['tab_whastapp']                   		= 'WhastApp';
			]]></add>
		</operation>
	</file>
	
	<file path="admin/language/ru-ru/setting/setting.php">
		<operation error="skip">
			<search><![CDATA[
				$_['entry_name']
			]]></search>
			<add position="before"><![CDATA[
				$_['entry_whastapp']                     	= 'Номер WhastApp';
				$_['entry_whastapp_name']                	= 'Текст на кнопке';
				$_['help_whastapp']            				= 'Укажите номер телефона в международном формате без знака +';
				$_['tab_whastapp']                   		= 'WhastApp';
			]]></add>
		</operation>
	</file>
	
	<file path="admin/language/{uk-ua,ua-uk}/setting/setting.php">
		<operation error="skip">
			<search><![CDATA[
				$_['entry_name']
			]]></search>
			<add position="before"><![CDATA[
				$_['entry_whastapp']                     	= 'Номер WhastApp';
				$_['entry_whastapp_name']                	= 'Текст на кнопці';
				$_['help_whastapp']            				= 'Вкажіть номер телефону в міжнародному форматі без знака +';
				$_['tab_whastapp']                   		= 'WhastApp';
			]]></add>
		</operation>
	</file>
	
	<file path="admin/view/template/setting/setting.twig">
		<operation error="skip">
			<search><![CDATA[
				<li><a href="#tab-server" data-toggle="tab">{{ tab_server }}</a></li>
			]]></search>
			<add position="before"><![CDATA[
				<li><a href="#tabWhastapp" data-toggle="tab">{{ tab_whastapp }}</a></li>
			]]></add>
		</operation>
		
		<operation error="skip">
			<search><![CDATA[
				<div class="tab-pane" id="tab-server">
			]]></search>
			<add position="before"><![CDATA[
				<div class="tab-pane" id="tabWhastapp">
					<div class="form-group">
						<label class="col-sm-2 control-label"><span data-toggle="tooltip" title="{{ help_whastapp }}">{{ entry_whastapp }}</span></label>
						<div class="col-sm-4">
						  <input type="text" name="config_whatsapp_tell" value="{{ config_whatsapp_tell }}" placeholder="{{ entry_whastapp }}" id="in-whatsapp-id" class="form-control" />
						</div>
					</div>
					<div class="form-group">
						<label class="col-sm-2 control-label">{{ entry_whastapp_name }}</label>
						<div class="col-sm-4">
						  <input type="text" name="config_whatsapp_name" value="{{ config_whatsapp_name }}" placeholder="{{ entry_whastapp_name }}" id="in-whatsapp-id" class="form-control" />
						</div>
					</div>
				</div>
			]]></add>
		</operation>
	</file>
	
</modification>