<?xml version="1.0" encoding="UTF-8"?>
<modification>
	<name>__Fix Theme Editor OC3</name>
	<version>1.00</version>
	<author>AlexDW</author>
	<link>https://opencartforum.com/profile/688391-alexdw/?do=content&amp;type=downloads_file</link>
	<code>__fix-theme-editor-adw</code>
	<file path="catalog/controller/event/theme.php">
		<operation error="abort">
		<search><![CDATA[
$template = html_entity_decode($theme_info['code'], ENT_QUOTES, 'UTF-8');
			]]></search>
			<add position="replace"><![CDATA[
// Fix Theme Editor
			if (!is_file(DIR_MODIFICATION . basename(DIR_APPLICATION) . '/' . substr(DIR_TEMPLATE, strlen(DIR_APPLICATION)) . $theme . '/template/' . $route . '.twig')) {
			$template = html_entity_decode($theme_info['code'], ENT_QUOTES, 'UTF-8');
			}
// Fix Theme Editor
			]]></add>
		</operation>
	</file>

	<file path="admin/controller/marketplace/modification.php">
		<operation error="abort">
		<search><![CDATA[
$this->model_setting_setting->editSettingValue('config', 'config_maintenance', true);
			]]></search>
			<add position="before"><![CDATA[
// Fix Theme Editor
		$this->load->model('design/theme');
// Fix Theme Editor
			]]></add>
		</operation>

		<operation error="abort">
		<search><![CDATA[
$content = file_get_contents($file);
			]]></search>
			<add position="replace"><![CDATA[
// Fix Theme Editor
			if (stristr($key, '/', true) === basename(DIR_CATALOG) && stristr($key, '.twig') != FALSE) {
				$fix_theme = basename(stristr($file, '/template/', true));
				$fix_route = stristr(substr(stristr($key, '/template/'), 10 ), '.twig', true);
				$fix_store_id = (int)$this->config->get('config_store_id');

				$theme_info = $this->model_design_theme->getTheme($fix_store_id, $fix_theme, $fix_route);
				$content = $theme_info ? html_entity_decode($theme_info['code']) : file_get_contents($file);

			} else {
										$content = file_get_contents($file);
			}

// Fix Theme Editor
			]]></add>
		</operation>
	</file>

</modification>