<?xml version="1.0" encoding="utf-8"?>
<modification>
   <name>Форма авторизации в шапке</name>
   <code>header-login-form</code>
   <version>1.0</version>
   <author>https://ocmod.net</author>
   <link>https://ocmod.net</link>
   <file path="catalog/view/theme/*/template/common/header.twig">
      <operation error="log">
         <search>
            <![CDATA[</head>]]>
         </search>
         <add position="before">
            <![CDATA[
               <style type="text/css">
               @media (max-width: 767px){
               	#header_sign_box{
               		display:none !important;
               	}
               }
               </style>
            ]]>
         </add>
      </operation>
      <operation error="log">
         <search>
            <![CDATA[{{ language }}]]>
         </search>
         <add position="after">
            <![CDATA[{% if (not logged) %} 
				<div id="header_sign_box" class="pull-right">
					<div class="form-group">
					<form action="index.php?route=account/login" method="post" enctype="multipart/form-data">
						<div class="col-sm-5">
						<input type="text" name="email" value="" placeholder="E-Mail" id="input-email" class="form-control">
						</div>
						<div class="col-sm-5">
						<input type="password" name="password" value="" placeholder="Пароль" id="input-password" class="form-control">
						</div>
						<div class="col-sm-2">
						<input type="submit" value="Войти" class="btn btn-primary">
						</div>
					</form>
					</div>
				</div>{% endif %}
            ]]>
         </add>
      </operation>
   </file>

</modification>