<modification>
	<name>Better Search</name>
	<version>2.3.x.x</version>
	<code>better-search</code>
	<author>https://ocmod.net</author>
	<link>https://ocmod.net</link>
	<file path="catalog/model/catalog/product.php">
        <operation error="log">
            <search><![CDATA[= '" . $this->db->escape(utf8_strtolower($data['filter_name'])) . "'";]]>
			</search>
            <add position="replace"><![CDATA[
				LIKE '%" . $this->db->escape(utf8_strtolower($data['filter_name'])) . "%'";
			]]>
			</add>
        </operation>
	</file>
</modification>