<?xml version="1.0" encoding="utf-8"?>
<modification>
  <name>Multistore</name>
  <code>default</code>
  <version>1.0</version>
  <author>matroskin92</author>
  <link>http://www.opencart.com</link>
  
  <!-- ADMIN -->
  <file path="admin/controller/catalog/product.php">
  	<operation>
      <search>
        <![CDATA[
					$this->model_catalog_product->addProduct($this->request->post);
				]]>
      </search>
      <add position="replace">
				<![CDATA[		
					$product_id = $this->model_catalog_product->addProduct($this->request->post);
					$this->load->model('extension/module/multistore');
					$this->model_extension_module_multistore->setProductMultistores($product_id, $this->request->post);
				]]>
      </add>
    </operation> 
		<operation>
      <search>
        <![CDATA[
					if (isset($this->request->post['quantity'])) {
				]]>
      </search>
      <add position="before">
        <![CDATA[		
					$this->load->model('extension/module/multistore');
					
					$multistores = $this->model_extension_module_multistore->getMultistores();
					
					$product_to_multistores = array();
					if (isset($this->request->get['product_id'])) {
						$product_to_multistores = $this->model_extension_module_multistore->getProductMultistores($this->request->get['product_id']);
					}
					
					foreach($multistores as $key => $multistore){
						$multistore_id = $multistore['multistore_id'];
						if (isset($product_to_multistores[$multistore_id])) {
							$multistores[$key]['quantity'] = $product_to_multistores[$multistore_id];
						} else {
							$multistores[$key]['quantity'] = 0;
						}
					}

					$data['multistores'] = $multistores;
						
				]]>
      </add>
    </operation>
		<operation>
      <search>
        <![CDATA[
					$this->load->language('catalog/product');
				]]>
	    </search>
	    <add position="before">
        <![CDATA[		
					$this->load->language('extension/module/multistore');
				]]>
      </add>
    </operation>
		<operation>
      <search>
        <![CDATA[
					$this->model_catalog_product->editProduct($this->request->get['product_id'], $this->request->post);
				]]>
		      </search>
		      <add position="after">
		        <![CDATA[		
					$this->load->model('extension/module/multistore');
					$this->model_extension_module_multistore->setProductMultistores($this->request->get['product_id'], $this->request->post);
				]]>
      </add>
    </operation>
  </file> 
  
  <file path="admin/view/template/catalog/product_form.twig">
		<operation>
	      <search>
			<![CDATA[
			  <li><a href="#tab-data" data-toggle="tab">{{ tab_data }}</a></li>
			]]>
		  </search>
	      <add position="after">
			<![CDATA[		
			  <li><a href="#tab-multistore" data-toggle="tab">{{ tab_multistore }}</a></li>
			]]>	
		  </add>	
		</operation>  
		<operation>
	    <search>
				<![CDATA[
				  <div class="tab-pane" id="tab-links">
				]]>
		  </search>
	    <add position="before">
				<![CDATA[		
					<div class="tab-pane" id="tab-multistore">
						{% for multistore in multistores %}
						<div class="form-group">
							<label class="col-sm-2 control-label" for="input-multistore-{{ multistore.multistore_id }}">{{ multistore.name }}</label>
							<div class="col-sm-10">
								{% if multistore.infinity %}
							  	<input type="text" name="multistores[{{ multistore.multistore_id }}]" value="99999" id="input-multistore-{{ multistore.multistore_id }}" class="form-control" readonly  />
							  {% else %}
									<input type="text" name="multistores[{{ multistore.multistore_id }}]" value="{{ multistore.quantity }}" id="input-multistore-{{ multistore.multistore_id }}" class="form-control" />
							  {% endif %}
							</div>
						</div>
						{% endfor %}
					</div>
				]]>	
		  </add>	
		</operation> 
		<operation>
	    <search>
				<![CDATA[
					<input type="text" name="quantity" value="{{ quantity }}" placeholder="{{ entry_quantity }}" id="input-quantity" class="form-control" />
				]]>
		  </search>
	      <add position="replace">
				<![CDATA[		
				  <input type="text" name="quantity" value="{{ quantity }}" placeholder="{{ entry_quantity }}" id="input-quantity" class="form-control" readonly/>
				]]>	
		  </add>	
		</operation> 
		<operation>
			<search>
				<![CDATA[{{ footer }}]]>
		  </search>
	    <add position="before" >
				<![CDATA[		
				  <script type="text/javascript"><!--
					$('input[name^=multistore]').on('input', function(){
						let quantity = 0;
						$('input[name^=multistore]').each(function(i, el){
							quantity += Number($(this).val());
						});
						$('input[name=quantity]').val(quantity);
					});
					//--></script>
				]]>	
		  </add>	
		</operation>  
  </file>
  
  <file path="catalog/model/checkout/order.php">
		<operation>
      <search>
				<![CDATA[
				  if ($order_info) {
				]]>
		  </search>
      <add position="after">
				<![CDATA[		
					if (strrpos($order_info['shipping_code'], 'multistore') === false) {
						$order_info['multistore_id'] = $this->config->get('module_multistore_default');
					} else {
						$order_info['multistore_id'] = str_replace('multistore.multistore_', '', $order_info['shipping_code']);
					}
				]]>	
			</add>	
		</operation>  
		<operation>
      <search>
				<![CDATA[
				  $this->db->query("UPDATE " . DB_PREFIX . "product SET quantity = (quantity - " . (int)$order_product['quantity'] . ") WHERE product_id = '" . (int)$order_product['product_id'] . "' AND subtract = '1'");
				]]>
		  </search>
      <add position="after">
				<![CDATA[		
					if (isset($order_info['multistore_id'])) {
						$this->db->query("UPDATE " . DB_PREFIX . "product_to_multistore SET quantity = (quantity - " . (int)$order_product['quantity'] . ") WHERE product_id = '" . (int)$order_product['product_id'] . "' AND multistore_id = '".(int)$order_info['multistore_id']."'");
					}
				]]>	
			</add>	
		</operation>  
		<operation>
      <search>
		<![CDATA[
		  $this->db->query("UPDATE `" . DB_PREFIX . "product` SET quantity = (quantity + " . (int)$order_product['quantity'] . ") WHERE product_id = '" . (int)$order_product['product_id'] . "' AND subtract = '1'");
		]]>
	  </search>
      <add position="after">
		<![CDATA[		
			if (isset($order_info['multistore_id'])) {
		  		$this->db->query("UPDATE `" . DB_PREFIX . "product_to_multistore` SET quantity = (quantity + " . (int)$order_product['quantity'] . ") WHERE product_id = '" . (int)$order_product['product_id'] . "' AND multistore_id = '".(int)$order_info['multistore_id']."'");
		  	}
		]]>	
	  </add>	
	</operation>
   </file>	

	<!-- Вывести отдельным файлом, если человеку нужно заменить наличие на магазины -->
   <file path="catalog/controller/product/product.php">
	<operation>
      <search>
		<![CDATA[
			$data['tags'] = array();
		]]>
	  </search>
      <add position="before">
		<![CDATA[	
			if ( $this->config->get('module_multistore_modificator') ) {
				$this->load->model('extension/module/multistore');
				$data['multistores'] = $this->model_extension_module_multistore->getMultostoresForProduct($this->request->get['product_id']);
			} else {
				$data['multistores'] = false;
			}
		]]>	
	  </add>	
	</operation>
   </file>

   <file path="catalog/view/theme/*/template/product/product.twig">
	<operation>
      <search>
		<![CDATA[
		  {% if price %}
		]]>
	  </search>
      <add position="before">
		<![CDATA[	
		{% if multistores %}
		<h3>{{ text_multistore }}</h3>
		<ul class="list-unstyled">{% for multistore in multistores %}
			{% if multistore.type == 'store' %}
				{% if multistore.description %}
					<li data-toggle="tooltip" data-placement="left" title="{{ multistore.description }}">{{ multistore.name }} - {{ multistore.quantity }}</li>
				{% else %}
					<li>{{ multistore.name }} - {{ multistore.quantity }}</li>
				{% endif %}	
			{% endif %}
		{% endfor %}</ul>
		{% endif %}
		]]>	
	  </add>	
	</operation>
   </file>
</modification>
