<?xml version="1.0" encoding="UTF-8"?>
<modification>
<name>Авторизация с помощью телефона</name>
<link>mailto:mr.terks@yandex.ru</link>
<author>pavel666</author>
<code>authorization_to_phone</code>
<version>1.6</version>
		<file path="catalog/view/theme/*/template/account/simpleregister.twig">
			<operation>
				<search trim="true" index="1"><![CDATA[{% if not ajax and not popup and not as_module %}]]></search>
				<add position="before"><![CDATA[
{% if phone_error %}
<script>
$('#content').parent().before('<div id="pp_phone-error" class="alert alert-danger"><i class="fa fa-exclamation-circle"></i>{{ phone_error }}<button type="button" class="close" data-dismiss="alert">&times;</button></div>');
$('html, body').animate({scrollTop: 0},500);
setTimeout(function(){
$('#pp_phone-error').remove();
},5000);
</script>
{% endif %}

]]></add>
			</operation>
		</file>
		<file path="catalog/controller/checkout/simplecheckout_login.php">
			<operation>
				<search trim="true"><![CDATA[if ($this->request->server['REQUEST_METHOD'] == 'POST') {]]></search>
				<add position="before"><![CDATA[$telephone = 0;]]></add>
			</operation>
			<operation>
				<search trim="true"><![CDATA[if ($this->request->server['REQUEST_METHOD'] == 'POST') {]]></search>
				<add position="after"><![CDATA[
				$telephone = preg_replace('/[^0-9]/','',$this->request->post['email']);
				$telephone = preg_replace('/^(7|8)([0-9]{10})$/','7$2',$telephone);
				$telephone = preg_replace('/^(380)([0-9]{9})$/','380$2',$telephone);

				if(!preg_match('/^(7)([0-9]{10})$/',$telephone) && !preg_match('/^(380)([0-9]{9})$/',$telephone)){
					$telephone = '';
				}
				if ($telephone) {
					$emails = $this->model_account_customer->getLoginTele($telephone);
					if($emails){
						$this->request->post['email'] = $emails;
					}else{
						$this->request->post['email'] = '';
					}
				}
				]]></add>
			</operation>
			<operation>
				<search trim="true"><![CDATA[$this->_templateData['additional_path'] = $this->simplecheckout->getAdditionalPath();]]></search>
				<add position="before"><![CDATA[
				
		if (isset($this->request->post['email'])) {
			if ($telephone) {
				 $this->_templateData['email'] = $telephone;
			}
        }else{
			$this->_templateData['email'] = '';
		}
		]]></add>
			</operation>
		</file>
		<file path="catalog/controller/account/simpleregister.php">
			<operation>
				<search trim="true"><![CDATA[if ($this->request->server['REQUEST_METHOD'] == 'POST' && isset($this->request->post['submitted']) && $this->validate()) {]]></search>
				<add position="replace"><![CDATA[
		
		if(isset($this->request->post['register']['email'])){
			$email = $this->request->post['register']['email'];
		}else{
			$email = '';
		}
		if(isset($this->request->post['register']['telephone'])){
			$telephone = preg_replace('/[^0-9]/','',$this->request->post['register']['telephone']);
			$telephone = preg_replace('/^(7|8)([0-9]{10})$/','7$2',$telephone);
			$telephone = preg_replace('/^(380)([0-9]{9})$/','380$2',$telephone);

			if(!preg_match('/^(7)([0-9]{10})$/',$telephone) && !preg_match('/^(380)([0-9]{9})$/',$telephone)){
				$telephone = '';
			}

			$this->load->model('account/customer');

			if($this->model_account_customer->getLoginTele($telephone)){
				$this->_templateData['phone_error'] = 'Такой номер уже зарегистрирован!';
			}
		}else{
			$telephone = '';
		}
		if(!$email && $telephone){
			$email = $telephone . '@localhost.ru';
		}

		if(isset($this->request->post['register']['email']) || isset($this->request->post['register']['telephone'])){
			$this->request->post['register']['email'] = $email;
			$this->request->post['register']['telephone'] = $telephone;
		}
		
		
        if ($this->request->server['REQUEST_METHOD'] == 'POST' && isset($this->request->post['submitted']) && $this->validate() && !isset($this->_templateData['phone_error'])) {]]></add>
			</operation>
			<operation>
				<search trim="true"><![CDATA[$info = $this->session->data['simple']['register'];]]></search>
				<add position="after"><![CDATA[
			if($email || $telephone){
				$info['email'] = $email;
				$info['telephone'] = $telephone;
			}
			]]></add>
			</operation>
		</file>
		<file path="system/library/cart/customer.php">
			<operation>
				<search trim="true"><![CDATA[$customer_query = $this->db->query("SELECT * FROM " . DB_PREFIX . "customer WHERE LOWER(email) = '" . $this->db->escape(utf8_strtolower($email)) . "' AND status = '1'");]]></search>
				<add position="after"><![CDATA[
			if(!$customer_query->num_rows){
				$telephone = preg_replace('/[^0-9]/','',$email);
				$telephone = preg_replace('/^(7|8)([0-9]{10})$/','7$2',$telephone);
				$telephone = preg_replace('/^(380)([0-9]{9})$/','380$2',$telephone);

				if(!preg_match('/^(7)([0-9]{10})$/',$telephone) && !preg_match('/^(380)([0-9]{9})$/',$telephone)){
					$telephone = '';
				}
				$customer_query = $this->db->query("SELECT * FROM " . DB_PREFIX . "customer WHERE telephone = '" . $this->db->escape($telephone) . "' AND status = '1'");
			}
			]]></add>
			</operation>
			<operation>
				<search trim="true"><![CDATA[$customer_query = $this->db->query("SELECT * FROM " . DB_PREFIX . "customer WHERE LOWER(email) = '" . $this->db->escape(utf8_strtolower($email)) . "' AND (password = SHA1(CONCAT(salt, SHA1(CONCAT(salt, SHA1('" . $this->db->escape($password) . "'))))) OR password = '" . $this->db->escape(md5($password)) . "') AND status = '1'");]]></search>
				<add position="after"><![CDATA[
			if(!$customer_query->num_rows){
				$telephone = preg_replace('/[^0-9]/','',$email);
				$telephone = preg_replace('/^(7|8)([0-9]{10})$/','7$2',$telephone);
				$telephone = preg_replace('/^(380)([0-9]{9})$/','380$2',$telephone);

				if(!preg_match('/^(7)([0-9]{10})$/',$telephone) && !preg_match('/^(380)([0-9]{9})$/',$telephone)){
					$telephone = '';
				}
				$customer_query = $this->db->query("SELECT * FROM " . DB_PREFIX . "customer WHERE telephone = '" . $this->db->escape($telephone) . "' AND (password = SHA1(CONCAT(salt, SHA1(CONCAT(salt, SHA1('" . $this->db->escape($password) . "'))))) OR password = '" . $this->db->escape(md5($password)) . "') AND status = '1'");
			}
			]]></add>
			</operation>
		</file>
		<file path="catalog/model/account/customer.php">
			<operation>
				<search trim="true"><![CDATA[public function getLoginAttempts($email) {]]></search>
				<add position="before"><![CDATA[
	public function getLoginTele($telephone) {
		$query = $this->db->query("SELECT email FROM `" . DB_PREFIX . "customer` WHERE telephone = '" . $this->db->escape(utf8_strtolower($telephone)) . "'");
		if($query->row){
			return $query->row['email'];
		}else{
			return false;
		}
	}
	public function getTotalCustomersByPhone($telephone) {
		$query = $this->db->query("SELECT COUNT(*) AS total FROM " . DB_PREFIX . "customer WHERE telephone = '" . $this->db->escape($telephone) . "'");

		return $query->row['total'];
	}
	]]></add>
			</operation>
		</file>
		<file path="catalog/controller/account/login.php">
			<operation>
				<search trim="true"><![CDATA[protected function validate() {]]></search>
				<add position="after"><![CDATA[
		$telephone = preg_replace('/[^0-9]/','',$this->request->post['email']);
		$telephone = preg_replace('/^(7|8)([0-9]{10})$/','7$2',$telephone);
		$telephone = preg_replace('/^(380)([0-9]{9})$/','380$2',$telephone);

		if(!preg_match('/^(7)([0-9]{10})$/',$telephone) && !preg_match('/^(380)([0-9]{9})$/',$telephone)){
			$telephone = '';
		}
	
		if ($telephone) {
			$emails = $this->model_account_customer->getLoginTele($telephone);
			if($emails){
				$this->request->post['email'] = $emails;
			}
		}
		
		]]></add>
			</operation>
			<operation>
				<search trim="true"><![CDATA[return !$this->error;]]></search>
				<add position="before"><![CDATA[
		if($this->error){
			$this->request->post['email'] = '';
		}
		
		]]></add>
			</operation>
		</file>
		<file path="catalog/controller/account/register.php">
			<operation>
				<search trim="true"><![CDATA[private function validate() {]]></search>
				<add position="after"><![CDATA[
		$email = $this->request->post['email'];
		if($this->request->post['telephone']){
			$telephone = $this->request->post['telephone'];
		}elseif($email){
			$telephone = $this->request->post['email'];
		}else{
			$telephone = '';
		}
		$telephone = preg_replace('/[^0-9]/','',$telephone);
		$telephone = preg_replace('/^(7|8)([0-9]{10})$/','7$2',$telephone);
		$telephone = preg_replace('/^(380)([0-9]{9})$/','380$2',$telephone);

		if(!preg_match('/^(7)([0-9]{10})$/',$telephone) && !preg_match('/^(380)([0-9]{9})$/',$telephone)){
			$telephone = '';
		}
		if(!$email){
			$email = $telephone . '@localhost.ru';
		}
		if (!$telephone) {
			$this->error['telephone'] = $this->language->get('error_telephone');
		}
		if ($this->model_account_customer->getTotalCustomersByPhone($telephone)) {
			$this->error['warning'] = $this->language->get('error_exists');
		}
		]]></add>
			</operation>
			<operation>
				<search trim="true"><![CDATA[$data['email'] = $this->request->post['email'];]]></search>
				<add position="replace"><![CDATA[]]></add>
			</operation>
			<operation>
				<search ><![CDATA[if (($this->request->server['REQUEST_METHOD'] == 'POST') && $this->validate()) {]]></search>
				<add position="before"><![CDATA[
		$this->load->model('account/customer');
		if(isset($this->request->post['email']) || isset($this->request->post['telephone'])){
			$email = $this->request->post['email'];
			if($this->request->post['telephone']){
				$telephone = $this->request->post['telephone'];
			}elseif($email){
				$telephone = $this->request->post['email'];
			}else{
				$telephone = '';
			}
			$telephone = preg_replace('/[^0-9]/','',$telephone);
			$telephone = preg_replace('/^(7|8)([0-9]{10})$/','7$2',$telephone);
			$telephone = preg_replace('/^(380)([0-9]{9})$/','380$2',$telephone);

			if(!preg_match('/^(7)([0-9]{10})$/',$telephone) && !preg_match('/^(380)([0-9]{9})$/',$telephone)){
				$telephone = '';
			}
			if(!$email){
				$email = $telephone . '@localhost.ru';
			}
			$this->request->post['email'] = $email;
			$this->request->post['telephone'] = $telephone;
		}
		]]></add>
			</operation>
		</file>
		<file path="catalog/controller/account/simpleedit.php">
			<operation>
				<search trim="true"><![CDATA[$this->load->model('account/customer');]]></search>
				<add position="replace"><![CDATA[]]></add>
			</operation>
			<operation>
				<search ><![CDATA[if ($this->request->server['REQUEST_METHOD'] == 'POST' && isset($this->request->post['submitted']) && $this->validate()) {]]></search>
				<add position="replace"><![CDATA[
		$this->load->model('account/customer');
		if(isset($this->request->post['edit']['telephone'])){
			$telephone = preg_replace('/[^0-9]/','',$this->request->post['edit']['telephone']);
			$telephone = preg_replace('/^(7|8)([0-9]{10})$/','7$2',$telephone);
			$telephone = preg_replace('/^(380)([0-9]{9})$/','380$2',$telephone);

			if(!preg_match('/^(7)([0-9]{10})$/',$telephone) && !preg_match('/^(380)([0-9]{9})$/',$telephone)){
				$telephone = '';
			}
		
			if (!$telephone) {
				$this->_templateData['phone_error'] = 'Неверный формат номера!';
			}
		}else{
			$telephone = '';
		}
		$customer_info = $this->model_account_customer->getCustomer($this->customer->getId());
		if($this->model_account_customer->getLoginTele($telephone) && $telephone!=$customer_info['telephone']){
			$this->_templateData['phone_error'] = 'Такой номер уже зарегистрирован!';
		}
		
        if ($this->request->server['REQUEST_METHOD'] == 'POST' && isset($this->request->post['submitted']) && $this->validate() && !isset($this->_templateData['phone_error'])) {
		
			$this->request->post['edit']['telephone'] = $telephone;
			$this->session->data['simple']['edit']['telephone'] = $telephone;
		]]></add>
			</operation>
		</file>
		<file path="catalog/view/theme/*/template/account/simpleedit.twig">
			<operation>
				<search trim="true" index="1"><![CDATA[{% if not ajax and not popup and not as_module %}]]></search>
				<add position="before"><![CDATA[
{% if phone_error %}
<script>
$('[type="tel"]').after('<div id="phone_alert" class="alert alert-danger"><i class="fa fa-exclamation-circle"></i>{{ phone_error }}<button type="button" class="close" data-dismiss="alert">&times;</button></div>');
$('html, body').animate({scrollTop: 0},500);
setTimeout(function(){
$('#phone_alert').remove();
},5000);
</script>
{% endif %}
]]></add>
			</operation>
		</file>
		<file path="catalog/controller/account/edit.php">
			<operation>
				<search trim="true"><![CDATA[if ((utf8_strlen($this->request->post['telephone']) < 3) || (utf8_strlen($this->request->post['telephone']) > 32)) {]]></search>
				<add position="before"><![CDATA[$this->load->model('account/customer');
				$telephone = preg_replace('/[^0-9]/','',$this->request->post['telephone']);
				$telephone = preg_replace('/^(7|8)([0-9]{10})$/','7$2',$telephone);
				$telephone = preg_replace('/^(380)([0-9]{9})$/','380$2',$telephone);

				if(!preg_match('/^(7)([0-9]{10})$/',$telephone) && !preg_match('/^(380)([0-9]{9})$/',$telephone)){
					$telephone = '';
				}
				if (!$telephone) {
					$this->error['telephone'] = 'Неверный формат номера!';
				}
				$customer_info = $this->model_account_customer->getCustomer($this->customer->getId());
				if($this->model_account_customer->getLoginTele($telephone) && $telephone!=$customer_info['telephone']){
					$this->error['telephone'] = 'Такой номер уже зарегистрирован!';
				}
				]]></add>
			</operation>
		</file>
		<file path="catalog/language/ru-ru/account/login.php">
			<operation>
				<search trim="true"><![CDATA[$_['entry_email']                  = 'E-Mail';]]></search>
				<add position="replace"><![CDATA[$_['entry_email']                  = 'Телефон или E-Mail';]]></add>
			</operation>
		</file>
		<file path="catalog/language/ru-ru/account/register.php">
			<operation>
				<search ><![CDATA[$_['error_exists']         = 'Данный E-Mail уже зарегистрирован!';]]></search>
				<add position="replace"><![CDATA[$_['error_exists']         = 'Данный Телефон или E-Mail уже зарегистрирован!';]]></add>
			</operation>
		</file>
		<file path="catalog/language/ru-ru/account/forgotten.php">
			<operation>
				<search trim="true"><![CDATA[$_['text_your_email'] = 'Ваш E-Mail';]]></search>
				<add position="replace"><![CDATA[$_['text_your_email'] = 'Ваш E-Mail или Телефон в формате 7**********';]]></add>
			</operation>
			<operation>
				<search trim="true"><![CDATA[$_['entry_email']     = 'E-Mail';]]></search>
				<add position="replace"><![CDATA[$_['entry_email']     = 'E-Mail или Телефон';]]></add>
			</operation>
			<operation>
				<search trim="true"><![CDATA[$_['text_success']    = 'Новый пароль был выслан на Ваш E-Mail.';]]></search>
				<add position="replace"><![CDATA[$_['text_success']    = 'Новый пароль был выслан на ваш E-Mail, или в смс сообщении.';]]></add>
			</operation>
		</file>
		<file path="catalog/controller/account/forgotten.php">
			<operation>
				<search trim="true"><![CDATA[if (($this->request->server['REQUEST_METHOD'] == 'POST') && $this->validate()) {]]></search>
				<add position="before"><![CDATA[
		if(isset($this->request->post['email'])){
			$telephone = preg_replace('/[^0-9]/','',$this->request->post['email']);
			$telephone = preg_replace('/^(7|8)([0-9]{10})$/','7$2',$telephone);
			$telephone = preg_replace('/^(380)([0-9]{9})$/','380$2',$telephone);

			if(!preg_match('/^(7)([0-9]{10})$/',$telephone) && !preg_match('/^(380)([0-9]{9})$/',$telephone)){
				$telephone = '';
			}
			if ($telephone) {
				$emails = $this->model_account_customer->getLoginTele($telephone);
				if($emails){
					$this->request->post['email'] = $emails;
				}
			}
		}
		]]></add>
			</operation>
			<operation>
				<search trim="true"><![CDATA[$this->model_account_customer->editCode($this->request->post['email'], token(40));]]></search>
				<add position="before"><![CDATA[
			if($emails && ($this->config->get('config_sms_alert') || $this->config->get('alertclient_status'))){
				$username = $this->config->get('alertclient_login_sms');
				$password = $this->config->get('alertclient_pass_sms');
				$from = $this->config->get('alertclient_name_sms');
				$options = array(
					'to'       => $telephone,
					'from'       => ($username ? $from : $this->config->get('config_sms_from')),
					'username' => ($username ? $username : $this->config->get('config_sms_gate_username')),
					'password' => ($username ? $password : $this->config->get('config_sms_gate_password')),
					'message'  => $this->language->get('text_change') . ' ' . $this->url->link('account/reset', 'code=' . $code, true)
				);
				$gatename = $this->config->get('alertclient_sms_gatename');
				$sms = new Sms(($gatename ? $gatename : $this->config->get('config_sms_gatename')), $options);
				$sms->send();
				$this->session->data['restore_pass'] = date('Y-m-d H:i:s');
			}

]]></add>
			</operation>
			<operation>
				<search trim="true"><![CDATA[return !$this->error;]]></search>
				<add position="before"><![CDATA[
		$time = strtotime('-2 minutes');
		if(isset($this->session->data['restore_pass']) && date('Y-m-d H:i:s',$time) < $this->session->data['restore_pass']){
			$this->error['warning'] = 'Пожалуйста дождитесь смс, или попробуйте через 2 минуты после предыдущей попытки!';
			$this->request->post['email'] = '';
		}
]]></add>
			</operation>
		</file>
</modification>