<modification>
	<name>Import YML</name>
    <code>Import-YML-Opencart3</code>
    <version>3.0</version>
    <author>prowebber.ru</author>
    <link>http://prowebber.ru</link>
	
	<file path="admin/controller/common/column_left.php">
		<operation>
			<search><![CDATA[if ($maintenance) {]]></search>
			<add position="before"><![CDATA[
				if ($this->user->hasPermission('access', 'tool/import_yml')) {
					$maintenance[] = array(
						'name'	   => 'Import YML',
						'href'     => $this->url->link('tool/import_yml', 'user_token=' . $this->session->data['user_token'], true),
						'children' => array()		
					);	
				}
				]]></add>
		</operation>
	</file>
	
	<file path="admin/model/catalog/manufacturer.php">
		<operation>
			<search><![CDATA[$this->cache->delete('manufacturer');]]></search>
			<add position="after"><![CDATA[return $manufacturer_id;]]></add>
		</operation>
	</file>
	
	<file path="admin/model/catalog/product.php">
		<operation>
			<search><![CDATA[
			$this->cache->delete('product');
			]]></search>
			<add position="after"><![CDATA[
			return $product_id;
			]]></add>
		</operation>
	</file>
	
	<file path="admin/model/catalog/category.php">
		<operation>
			<search><![CDATA[$this->cache->delete('category');]]></search>
			<add position="after"><![CDATA[return $category_id;]]></add>
		</operation>
	</file>
	
	<file path="admin/model/catalog/attribute_group.php">
		<operation>
			<search><![CDATA[public function editAttributeGroup]]></search>
			<add position="before" offset="2"><![CDATA[return $attribute_group_id;]]></add>
		</operation>
	</file>
	
	<file path="admin/model/catalog/attribute.php">
		<operation>
			<search><![CDATA[public function editAttribute]]></search>
			<add position="before" offset="2"><![CDATA[return $attribute_id;]]></add>
		</operation>
	</file>
</modification>
